"File","Url"
"about.html","Images/Admin%20image.jpeg"
"articles\ai-agents-2026.html","../Images/Admin%20image.jpeg"
"articles\ai-image-generation-comparison-2026.html","../Images/Admin%20image.jpeg"
"articles\best-ai-productivity-tools-2026.html","../Images/Admin%20image.jpeg"
"articles\earn-money-ai-tools-2026.html","../Images/Admin%20image.jpeg"
"articles\gemini-workflow-trends-2026.html","../Images/Admin%20image.jpeg"
"articles\gpt5-next-gen-llms-2026.html","../Images/Admin%20image.jpeg"
"articles\reasoning-models-2026.html","../Images/Admin%20image.jpeg"
"founder.html","Images/Admin%20image.jpeg"
