"url","verdict","coverageState","indexingState","pageFetchState","robotsTxtState","lastCrawlTime","googleCanonical","userCanonical","status"
"https://lookforit.xyz/","token_required","","","","","","","","Set GSC_OAUTH_TOKEN env var to run URL Inspection API"
"https://lookforit.xyz/about.html","token_required","","","","","","","","Set GSC_OAUTH_TOKEN env var to run URL Inspection API"
"https://lookforit.xyz/contact.html","token_required","","","","","","","","Set GSC_OAUTH_TOKEN env var to run URL Inspection API"
"https://lookforit.xyz/earn-online.html","token_required","","","","","","","","Set GSC_OAUTH_TOKEN env var to run URL Inspection API"
"https://lookforit.xyz/faq.html","token_required","","","","","","","","Set GSC_OAUTH_TOKEN env var to run URL Inspection API"
"https://lookforit.xyz/founder.html","token_required","","","","","","","","Set GSC_OAUTH_TOKEN env var to run URL Inspection API"
"https://lookforit.xyz/resources.html","token_required","","","","","","","","Set GSC_OAUTH_TOKEN env var to run URL Inspection API"
"https://lookforit.xyz/websites.html","token_required","","","","","","","","Set GSC_OAUTH_TOKEN env var to run URL Inspection API"
"https://lookforit.xyz/ai-tools.html","token_required","","","","","","","","Set GSC_OAUTH_TOKEN env var to run URL Inspection API"
"https://lookforit.xyz/disclaimer.html","token_required","","","","","","","","Set GSC_OAUTH_TOKEN env var to run URL Inspection API"
"https://lookforit.xyz/privacy-policy.html","token_required","","","","","","","","Set GSC_OAUTH_TOKEN env var to run URL Inspection API"
"https://lookforit.xyz/refund.html","token_required","","","","","","","","Set GSC_OAUTH_TOKEN env var to run URL Inspection API"
"https://lookforit.xyz/terms.html","token_required","","","","","","","","Set GSC_OAUTH_TOKEN env var to run URL Inspection API"
"https://lookforit.xyz/articles/","token_required","","","","","","","","Set GSC_OAUTH_TOKEN env var to run URL Inspection API"
"https://lookforit.xyz/articles/ai-agents-2026.html","token_required","","","","","","","","Set GSC_OAUTH_TOKEN env var to run URL Inspection API"
"https://lookforit.xyz/articles/ai-agents-workflow-automation-2026.html","token_required","","","","","","","","Set GSC_OAUTH_TOKEN env var to run URL Inspection API"
"https://lookforit.xyz/articles/ai-coding-stack-for-teams-2026.html","token_required","","","","","","","","Set GSC_OAUTH_TOKEN env var to run URL Inspection API"
"https://lookforit.xyz/articles/ai-image-generation-comparison-2026.html","token_required","","","","","","","","Set GSC_OAUTH_TOKEN env var to run URL Inspection API"
"https://lookforit.xyz/articles/ai-search-and-seo-strategy-2026.html","token_required","","","","","","","","Set GSC_OAUTH_TOKEN env var to run URL Inspection API"
"https://lookforit.xyz/articles/ai-seo-content-operations-2026.html","token_required","","","","","","","","Set GSC_OAUTH_TOKEN env var to run URL Inspection API"
"https://lookforit.xyz/articles/ai-tools-editorial-hub-2026.html","token_required","","","","","","","","Set GSC_OAUTH_TOKEN env var to run URL Inspection API"
"https://lookforit.xyz/articles/ai-tools-for-customer-support.html","token_required","","","","","","","","Set GSC_OAUTH_TOKEN env var to run URL Inspection API"
"https://lookforit.xyz/articles/ai-tools-for-ecommerce.html","token_required","","","","","","","","Set GSC_OAUTH_TOKEN env var to run URL Inspection API"
"https://lookforit.xyz/articles/ai-tools-for-lawyers.html","token_required","","","","","","","","Set GSC_OAUTH_TOKEN env var to run URL Inspection API"
"https://lookforit.xyz/articles/ai-video-marketing-workflow-2026.html","token_required","","","","","","","","Set GSC_OAUTH_TOKEN env var to run URL Inspection API"
"https://lookforit.xyz/articles/best-ai-productivity-tools-2026.html","token_required","","","","","","","","Set GSC_OAUTH_TOKEN env var to run URL Inspection API"
"https://lookforit.xyz/articles/best-ai-tools-business-2026.html","token_required","","","","","","","","Set GSC_OAUTH_TOKEN env var to run URL Inspection API"
"https://lookforit.xyz/articles/best-ai-tools-creators-2026.html","token_required","","","","","","","","Set GSC_OAUTH_TOKEN env var to run URL Inspection API"
"https://lookforit.xyz/articles/best-ai-tools-students-2026.html","token_required","","","","","","","","Set GSC_OAUTH_TOKEN env var to run URL Inspection API"
"https://lookforit.xyz/articles/best-free-ai-tools-2026.html","token_required","","","","","","","","Set GSC_OAUTH_TOKEN env var to run URL Inspection API"
"https://lookforit.xyz/articles/claude-sonnet-4-6-business-implementation-2026.html","token_required","","","","","","","","Set GSC_OAUTH_TOKEN env var to run URL Inspection API"
"https://lookforit.xyz/articles/earn-money-ai-tools-2026.html","token_required","","","","","","","","Set GSC_OAUTH_TOKEN env var to run URL Inspection API"
"https://lookforit.xyz/articles/gemini-3-workspace-productivity-guide-2026.html","token_required","","","","","","","","Set GSC_OAUTH_TOKEN env var to run URL Inspection API"
"https://lookforit.xyz/articles/gemini-workflow-trends-2026.html","token_required","","","","","","","","Set GSC_OAUTH_TOKEN env var to run URL Inspection API"
"https://lookforit.xyz/articles/gpt-5-4-enterprise-use-cases-2026.html","token_required","","","","","","","","Set GSC_OAUTH_TOKEN env var to run URL Inspection API"
"https://lookforit.xyz/articles/gpt5-next-gen-llms-2026.html","token_required","","","","","","","","Set GSC_OAUTH_TOKEN env var to run URL Inspection API"
"https://lookforit.xyz/articles/on-device-ai-edge-stack-2026.html","token_required","","","","","","","","Set GSC_OAUTH_TOKEN env var to run URL Inspection API"
"https://lookforit.xyz/articles/reasoning-models-2026.html","token_required","","","","","","","","Set GSC_OAUTH_TOKEN env var to run URL Inspection API"
"https://lookforit.xyz/articles/small-business-ai-roadmap-2026.html","token_required","","","","","","","","Set GSC_OAUTH_TOKEN env var to run URL Inspection API"
"https://lookforit.xyz/articles/top-ai-tools-2026.html","token_required","","","","","","","","Set GSC_OAUTH_TOKEN env var to run URL Inspection API"
"https://lookforit.xyz/tools/","token_required","","","","","","","","Set GSC_OAUTH_TOKEN env var to run URL Inspection API"
"https://lookforit.xyz/web-tools/","token_required","","","","","","","","Set GSC_OAUTH_TOKEN env var to run URL Inspection API"
"https://lookforit.xyz/ai-code/","token_required","","","","","","","","Set GSC_OAUTH_TOKEN env var to run URL Inspection API"
"https://lookforit.xyz/ai-image/","token_required","","","","","","","","Set GSC_OAUTH_TOKEN env var to run URL Inspection API"
"https://lookforit.xyz/ai-video/","token_required","","","","","","","","Set GSC_OAUTH_TOKEN env var to run URL Inspection API"
"https://lookforit.xyz/ai-voice/","token_required","","","","","","","","Set GSC_OAUTH_TOKEN env var to run URL Inspection API"
"https://lookforit.xyz/ai-writing/","token_required","","","","","","","","Set GSC_OAUTH_TOKEN env var to run URL Inspection API"
"https://lookforit.xyz/tools/catalog/","token_required","","","","","","","","Set GSC_OAUTH_TOKEN env var to run URL Inspection API"
"https://lookforit.xyz/web-tools/calculator/","token_required","","","","","","","","Set GSC_OAUTH_TOKEN env var to run URL Inspection API"
"https://lookforit.xyz/web-tools/calculator/age-calculator.html","token_required","","","","","","","","Set GSC_OAUTH_TOKEN env var to run URL Inspection API"
"https://lookforit.xyz/web-tools/calculator/bmi-calculator.html","token_required","","","","","","","","Set GSC_OAUTH_TOKEN env var to run URL Inspection API"
"https://lookforit.xyz/web-tools/calculator/calculator.html","token_required","","","","","","","","Set GSC_OAUTH_TOKEN env var to run URL Inspection API"
"https://lookforit.xyz/web-tools/calculator/percentage-calculator.html","token_required","","","","","","","","Set GSC_OAUTH_TOKEN env var to run URL Inspection API"
"https://lookforit.xyz/web-tools/calculator/random-number-generator.html","token_required","","","","","","","","Set GSC_OAUTH_TOKEN env var to run URL Inspection API"
"https://lookforit.xyz/web-tools/converter/","token_required","","","","","","","","Set GSC_OAUTH_TOKEN env var to run URL Inspection API"
"https://lookforit.xyz/web-tools/converter/base64-encode-decode.html","token_required","","","","","","","","Set GSC_OAUTH_TOKEN env var to run URL Inspection API"
"https://lookforit.xyz/web-tools/converter/color-converter.html","token_required","","","","","","","","Set GSC_OAUTH_TOKEN env var to run URL Inspection API"
"https://lookforit.xyz/web-tools/converter/json-formatter.html","token_required","","","","","","","","Set GSC_OAUTH_TOKEN env var to run URL Inspection API"
"https://lookforit.xyz/web-tools/converter/unit-converter.html","token_required","","","","","","","","Set GSC_OAUTH_TOKEN env var to run URL Inspection API"
"https://lookforit.xyz/web-tools/converter/url-encoder-decoder.html","token_required","","","","","","","","Set GSC_OAUTH_TOKEN env var to run URL Inspection API"
"https://lookforit.xyz/web-tools/developer/","token_required","","","","","","","","Set GSC_OAUTH_TOKEN env var to run URL Inspection API"
"https://lookforit.xyz/web-tools/developer/hash-generator.html","token_required","","","","","","","","Set GSC_OAUTH_TOKEN env var to run URL Inspection API"
"https://lookforit.xyz/web-tools/developer/password-generator.html","token_required","","","","","","","","Set GSC_OAUTH_TOKEN env var to run URL Inspection API"
"https://lookforit.xyz/web-tools/developer/regex-tester.html","token_required","","","","","","","","Set GSC_OAUTH_TOKEN env var to run URL Inspection API"
"https://lookforit.xyz/web-tools/developer/timestamp-converter.html","token_required","","","","","","","","Set GSC_OAUTH_TOKEN env var to run URL Inspection API"
"https://lookforit.xyz/web-tools/developer/uuid-generator.html","token_required","","","","","","","","Set GSC_OAUTH_TOKEN env var to run URL Inspection API"
"https://lookforit.xyz/web-tools/image/","token_required","","","","","","","","Set GSC_OAUTH_TOKEN env var to run URL Inspection API"
"https://lookforit.xyz/web-tools/image/color-picker.html","token_required","","","","","","","","Set GSC_OAUTH_TOKEN env var to run URL Inspection API"
"https://lookforit.xyz/web-tools/image/image-compressor.html","token_required","","","","","","","","Set GSC_OAUTH_TOKEN env var to run URL Inspection API"
"https://lookforit.xyz/web-tools/image/image-cropper.html","token_required","","","","","","","","Set GSC_OAUTH_TOKEN env var to run URL Inspection API"
"https://lookforit.xyz/web-tools/image/image-resizer.html","token_required","","","","","","","","Set GSC_OAUTH_TOKEN env var to run URL Inspection API"
"https://lookforit.xyz/web-tools/image/image-to-base64.html","token_required","","","","","","","","Set GSC_OAUTH_TOKEN env var to run URL Inspection API"
"https://lookforit.xyz/web-tools/productivity/","token_required","","","","","","","","Set GSC_OAUTH_TOKEN env var to run URL Inspection API"
"https://lookforit.xyz/web-tools/productivity/notes.html","token_required","","","","","","","","Set GSC_OAUTH_TOKEN env var to run URL Inspection API"
"https://lookforit.xyz/web-tools/productivity/random-picker.html","token_required","","","","","","","","Set GSC_OAUTH_TOKEN env var to run URL Inspection API"
"https://lookforit.xyz/web-tools/productivity/stopwatch.html","token_required","","","","","","","","Set GSC_OAUTH_TOKEN env var to run URL Inspection API"
"https://lookforit.xyz/web-tools/productivity/timer.html","token_required","","","","","","","","Set GSC_OAUTH_TOKEN env var to run URL Inspection API"
"https://lookforit.xyz/web-tools/productivity/todo-list.html","token_required","","","","","","","","Set GSC_OAUTH_TOKEN env var to run URL Inspection API"
"https://lookforit.xyz/web-tools/text/","token_required","","","","","","","","Set GSC_OAUTH_TOKEN env var to run URL Inspection API"
"https://lookforit.xyz/web-tools/text/character-counter.html","token_required","","","","","","","","Set GSC_OAUTH_TOKEN env var to run URL Inspection API"
"https://lookforit.xyz/web-tools/text/remove-duplicate-lines.html","token_required","","","","","","","","Set GSC_OAUTH_TOKEN env var to run URL Inspection API"
"https://lookforit.xyz/web-tools/text/text-case-converter.html","token_required","","","","","","","","Set GSC_OAUTH_TOKEN env var to run URL Inspection API"
"https://lookforit.xyz/web-tools/text/text-compare.html","token_required","","","","","","","","Set GSC_OAUTH_TOKEN env var to run URL Inspection API"
"https://lookforit.xyz/web-tools/text/text-sorter.html","token_required","","","","","","","","Set GSC_OAUTH_TOKEN env var to run URL Inspection API"
"https://lookforit.xyz/web-tools/text/word-counter.html","token_required","","","","","","","","Set GSC_OAUTH_TOKEN env var to run URL Inspection API"
"https://lookforit.xyz/listing-requests/","token_required","","","","","","","","Set GSC_OAUTH_TOKEN env var to run URL Inspection API"
"https://lookforit.xyz/tools/adaptive-agent.html","token_required","","","","","","","","Set GSC_OAUTH_TOKEN env var to run URL Inspection API"
"https://lookforit.xyz/tools/adaptive-ai.html","token_required","","","","","","","","Set GSC_OAUTH_TOKEN env var to run URL Inspection API"
"https://lookforit.xyz/tools/adaptive-assist.html","token_required","","","","","","","","Set GSC_OAUTH_TOKEN env var to run URL Inspection API"
"https://lookforit.xyz/tools/adaptive-bridge.html","token_required","","","","","","","","Set GSC_OAUTH_TOKEN env var to run URL Inspection API"
"https://lookforit.xyz/tools/adaptive-cloud.html","token_required","","","","","","","","Set GSC_OAUTH_TOKEN env var to run URL Inspection API"
"https://lookforit.xyz/tools/adaptive-core.html","token_required","","","","","","","","Set GSC_OAUTH_TOKEN env var to run URL Inspection API"
"https://lookforit.xyz/tools/adaptive-engine.html","token_required","","","","","","","","Set GSC_OAUTH_TOKEN env var to run URL Inspection API"
"https://lookforit.xyz/tools/adaptive-flow.html","token_required","","","","","","","","Set GSC_OAUTH_TOKEN env var to run URL Inspection API"
"https://lookforit.xyz/tools/adaptive-forge.html","token_required","","","","","","","","Set GSC_OAUTH_TOKEN env var to run URL Inspection API"
"https://lookforit.xyz/tools/adaptive-hub.html","token_required","","","","","","","","Set GSC_OAUTH_TOKEN env var to run URL Inspection API"
"https://lookforit.xyz/tools/adaptive-labs.html","token_required","","","","","","","","Set GSC_OAUTH_TOKEN env var to run URL Inspection API"
"https://lookforit.xyz/tools/adaptive-one.html","token_required","","","","","","","","Set GSC_OAUTH_TOKEN env var to run URL Inspection API"
"https://lookforit.xyz/tools/adaptive-ops.html","token_required","","","","","","","","Set GSC_OAUTH_TOKEN env var to run URL Inspection API"
"https://lookforit.xyz/tools/adaptive-pilot.html","token_required","","","","","","","","Set GSC_OAUTH_TOKEN env var to run URL Inspection API"
"https://lookforit.xyz/tools/adaptive-pulse.html","token_required","","","","","","","","Set GSC_OAUTH_TOKEN env var to run URL Inspection API"
"https://lookforit.xyz/tools/adaptive-stack.html","token_required","","","","","","","","Set GSC_OAUTH_TOKEN env var to run URL Inspection API"
"https://lookforit.xyz/tools/adaptive-studio.html","token_required","","","","","","","","Set GSC_OAUTH_TOKEN env var to run URL Inspection API"
"https://lookforit.xyz/tools/adaptive-suite.html","token_required","","","","","","","","Set GSC_OAUTH_TOKEN env var to run URL Inspection API"
"https://lookforit.xyz/tools/adaptive-sync.html","token_required","","","","","","","","Set GSC_OAUTH_TOKEN env var to run URL Inspection API"
"https://lookforit.xyz/tools/adaptive-works.html","token_required","","","","","","","","Set GSC_OAUTH_TOKEN env var to run URL Inspection API"
"https://lookforit.xyz/tools/ai21.html","token_required","","","","","","","","Set GSC_OAUTH_TOKEN env var to run URL Inspection API"
"https://lookforit.xyz/tools/airtable-ai.html","token_required","","","","","","","","Set GSC_OAUTH_TOKEN env var to run URL Inspection API"
"https://lookforit.xyz/tools/anthropic-api.html","token_required","","","","","","","","Set GSC_OAUTH_TOKEN env var to run URL Inspection API"
"https://lookforit.xyz/tools/anyscale.html","token_required","","","","","","","","Set GSC_OAUTH_TOKEN env var to run URL Inspection API"
"https://lookforit.xyz/tools/apex-agent.html","token_required","","","","","","","","Set GSC_OAUTH_TOKEN env var to run URL Inspection API"
"https://lookforit.xyz/tools/apex-ai.html","token_required","","","","","","","","Set GSC_OAUTH_TOKEN env var to run URL Inspection API"
"https://lookforit.xyz/tools/apex-assist.html","token_required","","","","","","","","Set GSC_OAUTH_TOKEN env var to run URL Inspection API"
"https://lookforit.xyz/tools/apex-bridge.html","token_required","","","","","","","","Set GSC_OAUTH_TOKEN env var to run URL Inspection API"
"https://lookforit.xyz/tools/apex-cloud.html","token_required","","","","","","","","Set GSC_OAUTH_TOKEN env var to run URL Inspection API"
"https://lookforit.xyz/tools/apex-core.html","token_required","","","","","","","","Set GSC_OAUTH_TOKEN env var to run URL Inspection API"
"https://lookforit.xyz/tools/apex-engine.html","token_required","","","","","","","","Set GSC_OAUTH_TOKEN env var to run URL Inspection API"
"https://lookforit.xyz/tools/apex-flow.html","token_required","","","","","","","","Set GSC_OAUTH_TOKEN env var to run URL Inspection API"
"https://lookforit.xyz/tools/apex-forge.html","token_required","","","","","","","","Set GSC_OAUTH_TOKEN env var to run URL Inspection API"
"https://lookforit.xyz/tools/apex-hub.html","token_required","","","","","","","","Set GSC_OAUTH_TOKEN env var to run URL Inspection API"
"https://lookforit.xyz/tools/apex-labs.html","token_required","","","","","","","","Set GSC_OAUTH_TOKEN env var to run URL Inspection API"
"https://lookforit.xyz/tools/apex-one.html","token_required","","","","","","","","Set GSC_OAUTH_TOKEN env var to run URL Inspection API"
"https://lookforit.xyz/tools/apex-ops.html","token_required","","","","","","","","Set GSC_OAUTH_TOKEN env var to run URL Inspection API"
"https://lookforit.xyz/tools/apex-pilot.html","token_required","","","","","","","","Set GSC_OAUTH_TOKEN env var to run URL Inspection API"
"https://lookforit.xyz/tools/apex-pulse.html","token_required","","","","","","","","Set GSC_OAUTH_TOKEN env var to run URL Inspection API"
"https://lookforit.xyz/tools/apex-stack.html","token_required","","","","","","","","Set GSC_OAUTH_TOKEN env var to run URL Inspection API"
"https://lookforit.xyz/tools/apex-studio.html","token_required","","","","","","","","Set GSC_OAUTH_TOKEN env var to run URL Inspection API"
"https://lookforit.xyz/tools/apex-suite.html","token_required","","","","","","","","Set GSC_OAUTH_TOKEN env var to run URL Inspection API"
"https://lookforit.xyz/tools/apex-sync.html","token_required","","","","","","","","Set GSC_OAUTH_TOKEN env var to run URL Inspection API"
"https://lookforit.xyz/tools/apex-works.html","token_required","","","","","","","","Set GSC_OAUTH_TOKEN env var to run URL Inspection API"
"https://lookforit.xyz/tools/astra-agent.html","token_required","","","","","","","","Set GSC_OAUTH_TOKEN env var to run URL Inspection API"
"https://lookforit.xyz/tools/astra-ai.html","token_required","","","","","","","","Set GSC_OAUTH_TOKEN env var to run URL Inspection API"
"https://lookforit.xyz/tools/astra-assist.html","token_required","","","","","","","","Set GSC_OAUTH_TOKEN env var to run URL Inspection API"
"https://lookforit.xyz/tools/astra-bridge.html","token_required","","","","","","","","Set GSC_OAUTH_TOKEN env var to run URL Inspection API"
"https://lookforit.xyz/tools/astra-cloud.html","token_required","","","","","","","","Set GSC_OAUTH_TOKEN env var to run URL Inspection API"
"https://lookforit.xyz/tools/astra-core.html","token_required","","","","","","","","Set GSC_OAUTH_TOKEN env var to run URL Inspection API"
"https://lookforit.xyz/tools/astra-engine.html","token_required","","","","","","","","Set GSC_OAUTH_TOKEN env var to run URL Inspection API"
"https://lookforit.xyz/tools/astra-flow.html","token_required","","","","","","","","Set GSC_OAUTH_TOKEN env var to run URL Inspection API"
"https://lookforit.xyz/tools/astra-forge.html","token_required","","","","","","","","Set GSC_OAUTH_TOKEN env var to run URL Inspection API"
"https://lookforit.xyz/tools/astra-hub.html","token_required","","","","","","","","Set GSC_OAUTH_TOKEN env var to run URL Inspection API"
"https://lookforit.xyz/tools/astra-labs.html","token_required","","","","","","","","Set GSC_OAUTH_TOKEN env var to run URL Inspection API"
"https://lookforit.xyz/tools/astra-one.html","token_required","","","","","","","","Set GSC_OAUTH_TOKEN env var to run URL Inspection API"
"https://lookforit.xyz/tools/astra-ops.html","token_required","","","","","","","","Set GSC_OAUTH_TOKEN env var to run URL Inspection API"
"https://lookforit.xyz/tools/astra-pilot.html","token_required","","","","","","","","Set GSC_OAUTH_TOKEN env var to run URL Inspection API"
"https://lookforit.xyz/tools/astra-pulse.html","token_required","","","","","","","","Set GSC_OAUTH_TOKEN env var to run URL Inspection API"
"https://lookforit.xyz/tools/astra-stack.html","token_required","","","","","","","","Set GSC_OAUTH_TOKEN env var to run URL Inspection API"
"https://lookforit.xyz/tools/astra-studio.html","token_required","","","","","","","","Set GSC_OAUTH_TOKEN env var to run URL Inspection API"
"https://lookforit.xyz/tools/astra-suite.html","token_required","","","","","","","","Set GSC_OAUTH_TOKEN env var to run URL Inspection API"
"https://lookforit.xyz/tools/astra-sync.html","token_required","","","","","","","","Set GSC_OAUTH_TOKEN env var to run URL Inspection API"
"https://lookforit.xyz/tools/astra-works.html","token_required","","","","","","","","Set GSC_OAUTH_TOKEN env var to run URL Inspection API"
